UK (ICL);Cork (TEAGASC);Greece (AUTH);Spain (CICbiogune);Spain (UVEG)
CD-001;CD-010;CD-002;CD-019;CD-007
CD-003;CD-016;CD-005;CD-021;CD-017
CD-008;CD-022;CD-006;CD-029;CD-024
CD-009;CD-023;CD-012;CD-035;CD-026
CD-011;CD-037;CD-013;CD-004;CD-027
CD-014;CD-039;CD-020;CD-047;CD-036
CD-015;CD-040;CD-025;CD-051;CD-064
CD-018;CD-045;CD-028;CD-054;CD-066
CD-031;CD-048;CD-030;CD-060;CD-087
CD-034;CD-052;CD-032;CD-073;CD-094
CD-038;CD-057;CD-033;CD-075;CD-097
CD-042;CD-058;CD-041;CD-076;CD-102
CD-043;CD-059;CD-044;CD-084;CD-107
CD-046;CD-068;CD-050;CD-085;CD-118
CD-049;CD-070;CD-055;CD-089;CD-143
CD-053;CD-071;CD-056;CD-090;CD-164
CD-061;CD-072;CD-062;CD-095;CD-165
CD-065;CD-078;CD-063;CD-098;CD-172
CD-067;CD-086;CD-069;CD-109;CD-176
CD-074;CD-093;CD-080;CD-139;CD-198
CD-077;CD-104;CD-081;CD-158;CD-206
CD-079;CD-105;CD-082;CD-180;CD-215
CD-083;CD-111;CD-092;CD-191;CD-230
CD-088;CD-121;CD-108;CD-192;CD-237
CD-091;CD-125;CD-110;CD-201;CD-239
CD-096;CD-126;CD-113;CD-208;CD-241
CD-099;CD-131;CD-114;CD-212;CD-249
CD-100;CD-137;CD-116;CD-214;CD-256
CD-101;CD-138;CD-117;CD-217;CD-265
CD-103;CD-140;CD-120;CD-222;CD-283
CD-106;CD-147;CD-122;CD-223;CD-284
CD-112;CD-149;CD-123;CD-254;CD-297
CD-115;CD-150;CD-127;CD-268;CD-300
CD-119;CD-153;CD-130;CD-281;CD-312
CD-124;CD-154;CD-132;CD-288;CD-316
CD-128;CD-156;CD-133;CD-305;CD-321
CD-129;CD-161;CD-135;CD-306;CD-325
CD-134;CD-166;CD-136;CD-310;CD-337
CD-141;CD-167;CD-142;CD-318;CD-339
CD-144;CD-168;CD-145;CD-322;CD-345
CD-146;CD-169;CD-148;CD-323;CD-349
CD-151;CD-181;CD-152;CD-328;CD-354
CD-159;CD-182;CD-155;CD-331;CD-367
CD-160;CD-186;CD-157;CD-340;CD-369
CD-162;CD-188;CD-171;CD-361;CD-372
CD-163;CD-190;CD-173;CD-376;CD-378
CD-170;CD-195;CD-174;CD-382;CD-387
CD-175;CD-196;CD-177;CD-385;CD-388
CD-179;CD-200;CD-178;CD-393;CD-390
CD-183;CD-202;CD-194;CD-398;CD-396
CD-184;CD-203;CD-213;;
CD-185;CD-204;CD-216;;
CD-187;CD-205;CD-221;;
CD-189;CD-207;CD-225;;
CD-193;CD-209;CD-226;;
CD-197;CD-210;CD-232;;
CD-199;CD-218;CD-236;;
CD-211;CD-229;CD-238;;
CD-219;CD-231;CD-244;;
CD-220;CD-234;CD-248;;
CD-224;CD-243;CD-255;;
CD-227;CD-245;CD-257;;
CD-228;CD-247;CD-258;;
CD-233;CD-251;CD-264;;
CD-235;CD-259;CD-267;;
CD-240;CD-260;CD-270;;
CD-242;CD-269;CD-272;;
CD-246;CD-271;CD-275;;
CD-250;CD-273;CD-276;;
CD-252;CD-277;CD-279;;
CD-253;CD-278;CD-282;;
CD-261;CD-280;CD-286;;
CD-262;CD-293;CD-287;;
CD-263;CD-295;CD-289;;
CD-266;CD-298;CD-290;;
CD-274;CD-301;CD-292;;
CD-285;CD-309;CD-299;;
CD-291;CD-314;CD-303;;
CD-294;CD-319;CD-304;;
CD-296;CD-320;CD-311;;
CD-302;CD-324;CD-313;;
CD-307;CD-333;CD-315;;
CD-308;CD-334;CD-317;;
CD-338;CD-336;CD-326;;
CD-343;CD-342;CD-327;;
CD-344;CD-346;CD-329;;
CD-348;CD-347;CD-330;;
CD-350;CD-353;CD-332;;
CD-352;CD-357;CD-335;;
CD-356;CD-359;CD-341;;
CD-358;CD-363;CD-351;;
CD-362;CD-365;CD-355;;
CD-366;CD-368;CD-360;;
CD-374;CD-371;CD-364;;
CD-381;CD-375;CD-370;;
CD-383;CD-377;CD-373;;
CD-384;CD-379;CD-386;;
CD-395;CD-380;CD-389;;
CD-399;CD-391;CD-392;;
CD-400;CD-397;CD-394;;
